USE PROJECT_MANAGER;
INSERT INTO BUILDING VALUES
("BUILD001","Building 1","1","10th Avenue","Calgary","Alberta","Canada"),
("BUILD002","Building 2","2","16 Street","Vancouver","British Columbia","Canada"),
("BUILD003","Building 3","3","Maple Street","Ottawa","Ontario","Canada"),
("BUILD004","Building 4","4","16th Avenue","Calgary","Alberta","Canada"),
("BUILD005","Building 5","5","Hadron Blvd","Edmonton","Alberta","Canada"),
("BUILD006","Building 6","6","Example St","Windsor","Ontario","Canada"),
("BUILD007","Building 7","7","Placeholder St","Toronto","Ontario","Canada"),
("BUILD008","Building 8","8","Generic Street","Generic City","Province","Country"),
("BUILD009","Building 9","9","Study Street","Generic City","Province","Country"),
("BUILD010","Building 10","10","Euneva Street","Generic City","Province","Country"),
("BUILD011","Building 11","90","Palm Parkway","Cupertino","California","USA"),
("BUILD012","Building 12","72","10th Avenue","Calgary","Alberta","Canada"),
("BUILD013","Building 13","43","Placeholder St","Generic City","Province","Country"),
("BUILD014","Building 14","56","Generic Street","Generic City","Province","Country"),
("BUILD015","Building 15","1","Infinite Loop","Cupertino","California","USA"),
("BUILD016","Building 16","51245","Main Street","Generic City","Province","Country"),
("BUILD017","Building 17","12341","Maple Street","Ottawa","Ontario","Canada"),
("BUILD018","Building 18","12031","Seasame Street","Generic City","Province","Country"),
("BUILD019","Building 19","8023","Hadron Blvd","Generic City","Province","Country"),
("BUILD020","Building 20","42069","Neat Street","Los Angeles","California","USA"),
("BUILD021","Building 21","42069","Neat Street","Los Angeles","California","USA");

INSERT INTO ROOM VALUES
("124","S",8,"BUILD021"),("121-A","M",15,"BUILD021"),("121-B","S",7,"BUILD021"),
("122","S",8,"BUILD021"),("ENE-201","L",50,"BUILD021"),("161-A","L",100,"BUILD002"),
("190-A","L",100,"BUILD003"),("545","M",15,"BUILD004"),("203","M",15,"BUILD005"),
("180","M",15,"BUILD006"),("090","M",15,"BUILD007"),("135","M",15,"BUILD008"),
("112","L",30,"BUILD009"),("323","S",10,"BUILD010"),("782","S",10,"BUILD011"),
("631","S",10,"BUILD012"),("ENE-201","S",10,"BUILD013"),("EB-03","S",10,"BUILD014"),
("HOM-405","S",10,"BUILD015"),("TI-099","S",10,"BUILD016"),("317","M",20,"BUILD017"),
("ABC-123","S",12,"BUILD018"),("090","L",60,"BUILD019"),("NEC-012","M",25,"BUILD020"),
("025","L",40,"BUILD009"),("MIT-333","M",25,"BUILD010"),("EAN-212","M",25,"BUILD011"),
("112","M",25,"BUILD012"),("112","L",75,"BUILD013"),("248","L",50,"BUILD014"),
("0197","M",20,"BUILD015"),("EEC-172","M",20,"BUILD021"),("EEA-297","S",5,"BUILD021"),
("EEB-212","M",25,"BUILD021"),("EED-123","M",25,"BUILD002"),("WOT-123","M",25,"BUILD003"),
("061","M",25,"BUILD004"),("020","M",25,"BUILD005"),("025","L",150,"BUILD005"),
("ENB-123","L",150,"BUILD005"),("162-B","S",12,"BUILD019"),("231","S",8,"BUILD020"),
("33-A","S",8,"BUILD009"),("109","S",8,"BUILD010"),("111-B","L",120,"BUILD011"),
("16","S",10,"BUILD012"),("020","S",10,"BUILD013"),("025","M",25,"BUILD014"),
("246","M",25,"BUILD015"),("AMD-167","M",25,"BUILD021"),("NOC-120","M",25,"BUILD002"),
("030-C","M",25,"BUILD003");

INSERT INTO `MEMBER` VALUES
("42145777","John","Doe","Male","john.doe102@gmail.com","ORG0000002"),
("28687180","Megan","Holmes","Female","megan.holmes@gmail.com","ORG0000002"),
("43414582","Eleni","Nikolaou","Female","eleni.niko@gmail.com","ORG0000002"),
("66357212","Virginia","Habig","Female","virginia.habig@hotmail.com","ORG0000002"),
("44937185","Lee","Padgett","Male","lpadgett@hotmail.com","ORG0000002"),
("66839421","Jean-Pierre","Desbois","Male","jpdesbois@gmail.com","ORG0000002"),
("79751347","Eloise","English","Female","eloise.english@gmail.com","ORG0000002"),
("78177734","Rahul","Vance","Male","rahul.vance@gmail.com","ORG0000002"),
("21734521","Aisha","Suarez","Female","aisha.suarez@gmail.com","ORG0000002"),
("90250420","Abdul","Ali","Male","abdul.ali@gmail.com","ORG0000002"),
("71610654","Dwight","Medina","Male","dwight.medina@gmail.com","ORG0000002"),
("12427540","Jo","Mirae","Female","jo.mirae@gmail.com","ORG0000002"),
("30779845","Japser","Griffin","Female","japser.griffin@gmail.com","ORG0000002"),
("96152855","Sapphire","Walker","Female","sapphire.walker@gmail.com","ORG0000002"),
("32114292","Terrence","Hayes","Male","terry.hayes@gmail.com","ORG0000002"),
("94558524","Liliana","Brown","Female","liliana.brown@gmail.com","ORG0000002"),
("96406803","Constance","Schultz","Male","constance.schultz@gmail.com","ORG0000002"),
("73997687","Samantha","Hutchins","Female","samhutch391@gmail.com","ORG0000001"),
("47902909","Terry","Crews","Male","tcrew101@gmail.com","ORG0000001"),
("76679032","Florence","Nightingale","Female","fnightingale@gmail.com","ORG0000001"),
("91451497","Maria","Sabella","Female","msabella@gmail.com","ORG0000001"),
("50210024","Samus","Aran","Female","samus.aran@gmail.com","ORG0000001"),
("49123455","Lucy","Jackson","Female","lucy.jackson@gmail.com","ORG0000001"),
("92028456","Rose","Potter","Female","rose.potter@hotmail.com","ORG0000001"),
("14296409","Roy","Strickland","Male","roy.strickland@gmail.com","ORG0000001"),
("37771952","Malachi","Clay","Male","malachi.clay@gmail.com","ORG0000001"),
("12784897","Nana","Maxwell","Female","nana.maxwell@gmail.com","ORG0000001"),
("89405093","Laurence","Banks","Male","laurence.banks@gmail.com","ORG0000001"),
("51146876","Henry","Jones","Male","henry.jones@gmail.com","ORG0000001"),
("28526851","Glenn","Brooks","Male","glenn.brooks@gmail.com","ORG0000001"),
("73164769","Ivy","Thomas","Female","ivy.thomas@gmail.com","ORG0000001"),
("69118391","Olivia","Matthews","Female","olivia.mathews@gmail.com","ORG0000001"),
("91815665","David","Lambert","Male","lambda1040@gmail.com","ORG0000001"),
("98509061","Matteo","Bianchi","Male","mattbianchi@gmail.com","ORG0000001"),
("84415100","Catherine","Myres","Female","catherine.myres@gmail.com","ORG0000003"),
("58147624","Sarah","Jackson","Female","sarah.jackson@gmail.com","ORG0000003"),
("96718013","Evelyn","Prescott","Female","evelyn.prescott@gmai.com","ORG0000003"),
("36313608","June","Walker","Female","junewalker2029@gmail.com","ORG0000003"),
("14144507","Samuel","Jackson","Male","sjackson1948@gmail.com","ORG0000003"),
("89212423","Tobias","Eaton","Male","tobias.eaton@gmail.com","ORG0000003"),
("95112480","Maia","Rhodes","Female","maia.rhodes@gmail.com","ORG0000003"),
("21174274","Damon","Ayala","Male","damon.ayala@gmail.com","ORG0000003"),
("45182042","Kieran","Washington","Male","kieran.washington@gmail.com","ORG0000003"),
("54137946","Jaya","Joyce","Female","jaya.joyce@gmail.com","ORG0000003"),
("62359123","Nicole","Robinson","Female","nicole.robinson@gmail.com","ORG0000003"),
("71917500","Yang","Zhu","Male","yang.zhu@gmail.com","ORG0000003"),
("72065666","Jose","Leones","Male","jose.leones@gmail.com","ORG0000003"),
("72794580","Jules","Vernne","Male","jules.vernne@gmail.com","ORG0000003"),
("42826789","Pearson","Reyes","Male","pearson.reyes@gmail.com","ORG0000003"),
("52676143","Daniel","Bianchi","Male","dannybianchi2001@gmail.com","ORG0000003"),
("58606756","Robert","Drysdale","Male","robert.drysadle@gmail.com","ORG0000003");

INSERT INTO `ADMIN` VALUES
("Head","91815665"),
("Head","94558524"),
("Head","58606756"),
("Team 1 Lead","69118391"),
("Team 1 Lead","32114292"),
("Team 1 Lead","42826789"),
("Team 2 Lead","94558524"),
("Team 2 Lead","91815665"),
("Team 2 Lead","52676143"),
("Events Team Lead","96406803"),
("Events Team Lead","98509061"),
("Events Team Lead","58606756");

INSERT INTO `ORGANIZATION` VALUES
("ORG0000001","Organization1","Lorem ipsum dolor sit amet, consectetur adipiscing elit","090","BUILD019"),
("ORG0000002","Organization2","Tomato Sauce, Jar","112","BUILD013"),
("ORG0000003","Organization3","There are two kinds of people in the world: those who complete their sentences and-","248","BUILD014");

INSERT INTO PROJECT VALUES
("PROJECT1","Project1","2022-08-15","2023-08-15","ORG0000001"),
("PROJECT2","Project2","2022-09-04","2023-09-04","ORG0000002"),
("PROJECT3","Project3","2022-07-01","2023-07-01","ORG0000003");

INSERT INTO TEAM VALUES
("ORG1TEA1","Team 1",NULL,"Specialization1","69118391","ORG0000001","PROJECT1"),
("ORG2TEA1","Team 1",NULL,"Specialization1","32114292","ORG0000002","PROJECT2"),
("ORG3TEA1","Team 1",NULL,"Specialization1","42826789","ORG0000003","PROJECT3"),
("ORG1TEA2","Team 2",NULL,"Specialization2","91815665","ORG0000001","PROJECT1"),
("ORG2TEA2","Team 2",NULL,"Specialization2","94558524","ORG0000002","PROJECT2"),
("ORG3TEA2","Team 2",NULL,"Specialization2","52676143","ORG0000003","PROJECT3"),
("ORG1EVEN","Events",NULL,"Specialization3","98509061","ORG0000001",NULL),
("ORG2EVEN","Events",NULL,"Specialization3","58606756","ORG0000003",NULL),
("ORG3EVEN","Events",NULL,"Specialization3","96406803","ORG0000002",NULL);

insert into `EVENT` values
("EVENT003","Event3",80,"Teams will showcase their projects that they have been working on to all attendees","2023-04-22  8:00:00","2023-09-22  22:00:00","ORG0000002","ORG2EVEN"),
("EVENT006","Event6",90,"Trivia Night: Attendees can choose to join a group or just be a part of the audience. There will be special prizes for the top 2 winners.","2022-12-04  11:45:00","2023-12-04  13:15:00","ORG0000002","ORG2EVEN"),
("EVENT009","Event9",500,"Networking experience with companies like Infosys, RBC Innovation Hub, Avidbots Corp., Amazon Web Services for students looking for internships for the year 2023-2024.","2023-02-02  16:15:00","2023-02-03  16:15:00","ORG0000002","ORG2EVEN"),
("EVENT001","Event1",450,"Networking experience with companies like Symend, Suncor, Mphasis, Clearpath Robotics for students looking for internships for the year 2023-2023.","2023-03-14  14:45:00","2023-03-15  14:45:00","ORG0000001","ORG1EVEN"),
("EVENT004","Event4",300,"Networking experience with companies like TC Energy, Attabotics, Microsoft, Google for students looking for internships for the year 2023-2024.","2023-04-23  17:30:00","2023-04-24  17:30:00","ORG0000001","ORG1EVEN"),
("EVENT007","Event7",70,"Teams will showcase their projects that they have been working on to all attendees","2023-04-19  15:30:00","2023-04-19  16:30:00","ORG0000001","ORG1EVEN"),
("EVENT010","Event10",45,"Trivia Night: Attendees can choose to join a group or just be a part of the audience. There will be special prizes for the top 2 winners.","2023-03-15  12:00:00","2023-03-15  13:00:00","ORG0000001","ORG1EVEN"),
("EVENT002","Event2",40,"Clubs Week: Interested applicants can come to this event to get to know about the club and what it has to offer.","2023-05-21  20:00:00","2023-07-21  21:00:00","ORG0000003","ORG3EVEN"),
("EVENT005","Event5",65,"Clubs Week: Interested applicants can come to this event to get to know about the club and what it has to offer.","2022-11-30  20:00:00","2022-11-30  22:00:00","ORG0000003","ORG3EVEN"),
("EVENT008","Event8",55,"Bake Sale: Members of the clubs will bring self-baked goods for this fundraiser event.","2023-01-11  12:30:00","2023-01-11  13:30:00","ORG0000003","ORG3EVEN");

insert into USES values
("AMD-167","BUILD021","2023-04-22  8:00:00","2023-09-22  22:00:00","EVENT003"),
("190-A","BUILD003","2022-12-04  11:45:00","2023-12-04  13:15:00","EVENT006"),
("161-A","BUILD002","2023-02-02  16:15:00","2023-02-03  16:15:00","EVENT009"),
("ENB-123","BUILD005","2023-03-14  14:45:00","2023-03-15  14:45:00","EVENT001"),
("ENB-123","BUILD005","2023-04-23  17:30:00","2023-04-24  17:30:00","EVENT004"),
("112","BUILD013","2023-04-19  15:30:00","2023-04-19  16:30:00","EVENT007"),
("ENE-201","BUILD021","2023-03-15  12:00:00","2023-03-15  13:00:00","EVENT010"),
("248","BUILD014","2023-05-21  20:00:00","2023-07-21  21:00:00","EVENT002"),
("EED-123","BUILD002","2022-11-30  20:00:00","2022-11-30  22:00:00","EVENT005"),
("025","BUILD009","2023-01-11  12:30:00","2023-01-11  13:30:00","EVENT008");

insert into BELONGS values
("42145777","ORG2TEA1"),("28687180","ORG2TEA1"),("43414582","ORG2TEA1"),("32114292","ORG2TEA1"),
("90250420","ORG2TEA1"),("71610654","ORG2TEA1"),("12427540","ORG2TEA1"),("30779845","ORG2TEA1"),
("66357212","ORG2TEA2"),("44937185","ORG2TEA2"),("66839421","ORG2TEA2"),("94558524","ORG2TEA2"),
("90250420","ORG2TEA2"),("71610654","ORG2TEA2"),("30779845","ORG2TEA2"),("96152855","ORG2TEA2"),
("79751347","ORG3EVEN"),("78177734","ORG3EVEN"),("21734521","ORG3EVEN"),("96406803","ORG3EVEN"),
("90250420","ORG3EVEN"),("71610654","ORG3EVEN"),("12427540","ORG3EVEN"),("96152855","ORG3EVEN"),
("73997687","ORG1TEA1"),("47902909","ORG1TEA1"),("76679032","ORG1TEA1"),("69118391","ORG1TEA1"),
("12784897","ORG1TEA1"),("89405093","ORG1TEA1"),("51146876","ORG1TEA1"),("28526851","ORG1TEA1"),
("91451497","ORG1TEA2"),("50210024","ORG1TEA2"),("49123455","ORG1TEA2"),("91815665","ORG1TEA2"),
("12784897","ORG1TEA2"),("89405093","ORG1TEA2"),("28526851","ORG1TEA2"),("73164769","ORG1TEA2"),
("92028456","ORG1EVEN"),("14296409","ORG1EVEN"),("37771952","ORG1EVEN"),("98509061","ORG1EVEN"),
("12784897","ORG1EVEN"),("89405093","ORG1EVEN"),("51146876","ORG1EVEN"),("73164769","ORG1EVEN"),
("84415100","ORG3TEA1"),("58147624","ORG3TEA1"),("96718013","ORG3TEA1"),("42826789","ORG3TEA1"),
("54137946","ORG3TEA1"),("62359123","ORG3TEA1"),("71917500","ORG3TEA1"),("72065666","ORG3TEA1"),
("36313608","ORG3TEA2"),("14144507","ORG3TEA2"),("89212423","ORG3TEA2"),("52676143","ORG3TEA2"),
("54137946","ORG3TEA2"),("62359123","ORG3TEA2"),("72065666","ORG3TEA2"),("72794580","ORG3TEA2"),
("95112480","ORG2EVEN"),("21174274","ORG2EVEN"),("45182042","ORG2EVEN"),("58606756","ORG2EVEN"),
("54137946","ORG2EVEN"),("62359123","ORG2EVEN"),("71917500","ORG2EVEN"),("72794580","ORG2EVEN");

insert into `COMPONENT` values
("COMPONENT0000002","Component02","Type2",3,"ORG0000002"),
("COMPONENT0000005","Component05","Type1",9,"ORG0000002"),
("COMPONENT0000008","Component08","Type2",5,"ORG0000002"),
("COMPONENT0000011","Component11","Type1",7,"ORG0000002"),
("COMPONENT0000014","Component14","Type2",18,"ORG0000002"),
("COMPONENT0000001","Component01","Type1",10,"ORG0000001"),
("COMPONENT0000004","Component04","Type2",8,"ORG0000001"),
("COMPONENT0000007","Component07","Type1",14,"ORG0000001"),
("COMPONENT0000010","Component10","Type2",6,"ORG0000001"),
("COMPONENT0000013","Component13","Type1",9,"ORG0000001"),
("COMPONENT0000003","Component03","Type1",1,"ORG0000003"),
("COMPONENT0000006","Component06","Type2",60,"ORG0000003"),
("COMPONENT0000009","Component09","Type1",3,"ORG0000003"),
("COMPONENT0000012","Component12","Type2",8,"ORG0000003"),
("COMPONENT0000015","Component15","Type1",21,"ORG0000003");

INSERT INTO DELIVERABLE VALUES
("Deliverable A-1","PROJECT3","ORG3TEA1","2022-07-01","2022-10-01"),("Deliverable A-2","PROJECT3","ORG3TEA1","2022-10-01","2023-01-01"),
("Deliverable A-3","PROJECT3","ORG3TEA1","2023-01-01","2023-04-01"),("Deliverable A-4","PROJECT3","ORG3TEA1","2023-04-01","2023-07-01"),
("Deliverable B-1","PROJECT3","ORG3TEA2","2022-07-01","2022-10-01"),("Deliverable B-2","PROJECT3","ORG3TEA2","2022-10-01","2023-01-01"),
("Deliverable B-3","PROJECT3","ORG3TEA2","2023-01-01","2023-04-01"),("Deliverable B-4","PROJECT3","ORG3TEA2","2023-04-01","2023-07-01"),
("Deliverable A-1","PROJECT1","ORG1TEA1","2022-08-15","2022-11-15"),("Deliverable A-2","PROJECT1","ORG1TEA1","2022-11-15","2023-02-15"),
("Deliverable A-3","PROJECT1","ORG1TEA1","2023-02-15","2023-05-15"),("Deliverable A-4","PROJECT1","ORG1TEA1","2023-05-15","2023-08-15"),
("Deliverable B-1","PROJECT1","ORG1TEA2","2022-08-15","2022-11-15"),("Deliverable B-2","PROJECT1","ORG1TEA2","2022-11-15","2023-02-15"),
("Deliverable B-3","PROJECT1","ORG1TEA2","2023-02-15","2023-05-15"),("Deliverable B-4","PROJECT1","ORG1TEA2","2023-05-15","2023-08-15"),
("Deliverable A-1","PROJECT2","ORG2TEA1","2022-09-04","2022-12-04"),("Deliverable A-2","PROJECT2","ORG2TEA1","2022-12-04","2023-03-04"),
("Deliverable A-3","PROJECT2","ORG2TEA1","2023-03-04","2023-06-04"),("Deliverable A-4","PROJECT2","ORG2TEA1","2023-06-04","2023-09-04"),
("Deliverable B-1","PROJECT2","ORG2TEA2","2022-09-04","2022-12-04"),("Deliverable B-2","PROJECT2","ORG2TEA2","2022-12-04","2023-03-04"),
("Deliverable B-3","PROJECT2","ORG2TEA2","2023-03-04","2023-06-04"),("Deliverable B-4","PROJECT2","ORG2TEA2","2023-06-04","2023-09-04");

INSERT INTO PREREQUISITE VALUES
("Deliverable A-2","PROJECT3","Deliverable A-1","PROJECT3"),
("Deliverable A-3","PROJECT3","Deliverable A-2","PROJECT3"),
("Deliverable A-4","PROJECT3","Deliverable A-3","PROJECT3"),
("Deliverable B-2","PROJECT3","Deliverable B-1","PROJECT3"),
("Deliverable B-3","PROJECT3","Deliverable B-2","PROJECT3"),
("Deliverable B-4","PROJECT3","Deliverable B-3","PROJECT3"),
("Deliverable A-2","PROJECT1","Deliverable A-1","PROJECT1"),
("Deliverable A-3","PROJECT1","Deliverable A-2","PROJECT1"),
("Deliverable A-4","PROJECT1","Deliverable A-3","PROJECT1"),
("Deliverable B-2","PROJECT1","Deliverable B-1","PROJECT1"),
("Deliverable B-3","PROJECT1","Deliverable B-2","PROJECT1"),
("Deliverable B-4","PROJECT1","Deliverable B-3","PROJECT1"),
("Deliverable A-2","PROJECT2","Deliverable A-1","PROJECT2"),
("Deliverable A-3","PROJECT2","Deliverable A-2","PROJECT2"),
("Deliverable A-4","PROJECT2","Deliverable A-3","PROJECT2"),
("Deliverable B-2","PROJECT2","Deliverable B-1","PROJECT2"),
("Deliverable B-3","PROJECT2","Deliverable B-2","PROJECT2"),
("Deliverable B-4","PROJECT2","Deliverable B-3","PROJECT2");

INSERT INTO REQUIRES VALUES
("COMPONENT0000006",20,"Deliverable A-1","PROJECT3"),
("COMPONENT0000012",3,"Deliverable A-3","PROJECT3"),
("COMPONENT0000015",5,"Deliverable B-2","PROJECT3"),
("COMPONENT0000015",7,"Deliverable B-4","PROJECT3"),
("COMPONENT0000013",5,"Deliverable A-2","PROJECT1"),
("COMPONENT0000007",4,"Deliverable A-4","PROJECT1"),
("COMPONENT0000001",3,"Deliverable B-3","PROJECT1"),
("COMPONENT0000011",6,"Deliverable A-2","PROJECT2"),
("COMPONENT0000005",4,"Deliverable A-3","PROJECT2"),
("COMPONENT0000014",8,"Deliverable B-2","PROJECT2"),
("COMPONENT0000002",1,"Deliverable B-3","PROJECT2");

